# kind|name|relative-frame-path|stable-error (X only)
V|minimal|valid/minimal.frame
V|full-declarations|valid/full-declarations.frame
V|large-integers|valid/large-integers.frame
V|negative-header-values|valid/negative-header-values.frame
V|seed-max|valid/seed-max.frame
X|record-order|invalid/record-order.frame|record-order
X|record-duplicate|invalid/record-duplicate.frame|record-duplicate
X|float-tag|invalid/float-tag.frame|typed-tag
X|integer-leading-zero|invalid/integer-leading-zero.frame|integer-leading-zero
X|frame-trailing|invalid/frame-trailing.frame|frame-trailing
X|scenario-type|invalid/scenario-type.frame|scenario-type
X|unknown-field|invalid/unknown-field.frame|scenario-unknown-field
X|missing-field|invalid/missing-field.frame|scenario-missing-field
X|budget-missing-field|invalid/budget-missing-field.frame|scenario-missing-field
X|version-unknown|invalid/version-unknown.frame|scenario-version
X|determinism-unsupported|invalid/determinism-unsupported.frame|scenario-determinism-unsupported
X|determinism-type|invalid/determinism-type.frame|scenario-determinism-type
X|seed-empty|invalid/seed-empty.frame|scenario-seed-empty
X|seed-type|invalid/seed-type.frame|scenario-seed-type
X|seed-too-large|invalid/seed-too-large.frame|scenario-seed-too-large
X|budget-type|invalid/budget-type.frame|scenario-budget-type
X|budget-range|invalid/budget-range.frame|scenario-budget-range
X|budget-record-type|invalid/budget-record-type.frame|scenario-budget-type
X|vocabulary-empty|invalid/vocabulary-empty.frame|scenario-header-vocabulary-empty
X|vocabulary-missing|invalid/vocabulary-missing.frame|scenario-header-vocabulary-missing
X|vocabulary-type|invalid/vocabulary-type.frame|scenario-header-vocabulary-type
X|header-field-order|invalid/header-field-order.frame|scenario-header-field-order
X|duplicate-header-field|invalid/duplicate-header-field.frame|scenario-duplicate-header-field
X|header-field-type|invalid/header-field-type.frame|scenario-header-field-type
X|header-values-empty|invalid/header-values-empty.frame|scenario-header-values-empty
X|header-values-order|invalid/header-values-order.frame|scenario-header-values-order
X|duplicate-header-value|invalid/duplicate-header-value.frame|scenario-duplicate-header-value
X|header-value-type|invalid/header-value-type.frame|scenario-header-value-type
X|header-values-type|invalid/header-values-type.frame|scenario-header-values-type
X|topology-type|invalid/topology-type.frame|scenario-topology-type
X|topology-empty|invalid/topology-empty.frame|scenario-topology-empty
X|nodes-type|invalid/nodes-type.frame|scenario-nodes-type
X|node-order|invalid/node-order.frame|scenario-node-order
X|duplicate-node|invalid/duplicate-node.frame|scenario-duplicate-node
X|duplicate-address|invalid/duplicate-address.frame|scenario-duplicate-address
X|node-address-range|invalid/node-address-range.frame|scenario-node-address-range
X|node-address-type|invalid/node-address-type.frame|scenario-node-address-type
X|address-out-of-vocabulary|invalid/address-out-of-vocabulary.frame|scenario-address-out-of-vocabulary
X|node-id-type|invalid/node-id-type.frame|scenario-node-id-type
X|links-type|invalid/links-type.frame|scenario-links-type
X|link-unknown-node|invalid/link-unknown-node.frame|scenario-unknown-node
X|link-order|invalid/link-order.frame|scenario-link-order
X|duplicate-link|invalid/duplicate-link.frame|scenario-duplicate-link
X|self-link|invalid/self-link.frame|scenario-self-link
X|link-endpoint-type|invalid/link-endpoint-type.frame|scenario-link-endpoint-type
X|components-type|invalid/components-type.frame|scenario-components-type
X|component-kind-unsupported|invalid/component-kind-unsupported.frame|scenario-component-kind-unsupported
X|component-unknown-node|invalid/component-unknown-node.frame|scenario-unknown-node
X|duplicate-component|invalid/duplicate-component.frame|scenario-duplicate-component
X|component-order|invalid/component-order.frame|scenario-component-order
X|component-kind-type|invalid/component-kind-type.frame|scenario-component-kind-type
# ADR 0007 D3: the optional per-component `model` binding. Presence
# selects the expected key list, so absence stays legal; a non-symbol
# model fails with its own scenario code, while a duplicated or
# misplaced model key never reaches the scenario layer because the
# canonical decoder rejects the record first (ADR 0002 codes).
V|component-model|valid/component-model.frame
X|component-model-type|invalid/component-model-type.frame|scenario-component-model-type
X|component-model-duplicate|invalid/component-model-duplicate.frame|record-duplicate
X|component-model-misplaced|invalid/component-model-misplaced.frame|record-order
X|faults-type|invalid/faults-type.frame|scenario-faults-type
X|fault-kind-unsupported|invalid/fault-kind-unsupported.frame|scenario-fault-kind-unsupported
X|fault-kinds-empty|invalid/fault-kinds-empty.frame|scenario-fault-kinds-empty
X|fault-kinds-order|invalid/fault-kinds-order.frame|scenario-fault-kinds-order
X|duplicate-fault-kind|invalid/duplicate-fault-kind.frame|scenario-duplicate-fault-kind
X|fault-members-empty|invalid/fault-members-empty.frame|scenario-fault-members-empty
X|fault-member-unknown|invalid/fault-member-unknown.frame|scenario-unknown-node
X|fault-members-order|invalid/fault-members-order.frame|scenario-fault-members-order
X|duplicate-fault|invalid/duplicate-fault.frame|scenario-duplicate-fault
X|fault-order|invalid/fault-order.frame|scenario-fault-order
X|observations-type|invalid/observations-type.frame|scenario-observations-type
X|observation-time|invalid/observation-time.frame|scenario-observation-time
X|observation-at-type|invalid/observation-at-type.frame|scenario-observation-at-type
X|duplicate-observation|invalid/duplicate-observation.frame|scenario-duplicate-observation
X|observation-order|invalid/observation-order.frame|scenario-observation-order
X|properties-type|invalid/properties-type.frame|scenario-properties-type
X|property-class-unsupported|invalid/property-class-unsupported.frame|scenario-property-class-unsupported
X|property-class-type|invalid/property-class-type.frame|scenario-property-class-type
X|duplicate-property|invalid/duplicate-property.frame|scenario-duplicate-property
X|property-order|invalid/property-order.frame|scenario-property-order
# ADR 0005 canonical-profile/m1-large boundary fixtures. scenario/v1 names
# that profile statically; each frame below is a genuine scenario/v1 frame
# whose boundary payload lives in one property's opaque spec value.
# Two further kinds are used below:
#   L|name|relative-frame-path                valid, checked exactly as V,
#                                             reported by length and edge
#                                             octets because its hex is
#                                             too long to print
#   M|name|relative-frame-path|stable-error   the frame replayed through
#                                             the plain ADR 0002 m0
#                                             canonical entry point, which
#                                             must still reject it
V|m1-nodes-beyond-m0|valid/m1-nodes-beyond-m0.frame
L|m1-nodes-max|valid/m1-nodes-max.frame
L|m1-frame-max|valid/m1-frame-max.frame
V|m1-depth-max|valid/m1-depth-max.frame
X|m1-nodes-too-many|invalid/m1-nodes-too-many.frame|nodes-too-many
X|m1-frame-too-large|invalid/m1-frame-too-large.frame|frame-too-large
X|m1-depth-too-large|invalid/m1-depth-too-large.frame|depth-too-large
# ADR 0005 verification 3: the same accepted m1-large frames presented to
# the plain ADR 0002 m0 canonical entry point still reject, fail-closed,
# with the unchanged stable codes.
M|m0-rejects-nodes-beyond-m0|valid/m1-nodes-beyond-m0.frame|nodes-too-many
M|m0-rejects-nodes-max|valid/m1-nodes-max.frame|frame-too-large
M|m0-rejects-frame-max|valid/m1-frame-max.frame|frame-too-large
M|m0-rejects-depth-max|valid/m1-depth-max.frame|depth-too-large
